id,first_name,last_name,email,phone_number
1,Agneta,Freezer,afreezer0@digg.com,
2,Nadean,Peckett,npeckett1@aboutads.info,162-514-8782
3,Camey,Cockman,ccockman2@nationalgeographic.com,779-780-0331
4,Kimberlyn,Vanichev,,108-480-9028
5,Bell,Nanninini,bnanninini4@nydailynews.com,590-700-3834
6,Pippa,Perche,pperche5@google.fr,359-857-5787
7,Scott,Heining,,410-295-7107
8,Becky,Garfit,,418-671-6844
9,Caleb,Oke,coke8@w3.org,618-597-6329
10,Juliann,Wimbury,,114-668-5086
11,Morton,Faucett,mfaucetta@reverbnation.com,325-688-7410
12,Normie,Kruse,nkruseb@cmu.edu,266-761-9186
13,Levon,Guirau,,276-435-7242
14,Cristie,Gold,cgoldd@spiegel.de,570-177-6160
15,Sydelle,Wytchard,swytcharde@amazon.co.uk,379-539-2316
16,Tybi,Cant,tcantf@house.gov,258-769-5884
17,Meridel,Coppin,,
18,Alvira,Galton,agaltonh@washington.edu,361-646-9871
19,Johnette,Brash,jbrashi@tiny.cc,142-725-9418
20,Porty,Gannicott,pgannicottj@discuz.net,900-465-0325
21,Cristi,Dantesia,cdantesiak@de.vu,
22,Evey,Tasseler,etasselerl@wikia.com,
23,Babita,Tate,,510-730-4230
24,Kaylil,Torrecilla,ktorrecillan@ihg.com,560-434-8397
25,Steward,Morriss,smorrisso@sohu.com,282-286-7021
